{"is_source_file": false, "format": "", "description": "", "external_files": [], "external_methods": [], "published": [], "classes": [], "methods": [], "calls": [], "search-terms": [], "state": 2, "file_id": 11, "knowledge_revision": 21, "git_revision": "61ccf3c25d97315684c4c61a5badcc294307b5d5", "hash": "22f9e17cc1848b56dbb244518ac2707e", "format-version": 4, "code-base-name": "notes_frontend", "filename": "notes_frontend/src/App.css", "revision_history": [{"21": "61ccf3c25d97315684c4c61a5badcc294307b5d5"}]}