{"is_source_file": false, "format": "", "description": "", "external_files": [], "external_methods": [], "published": [], "classes": [], "methods": [], "calls": [], "search-terms": [], "state": 2, "file_id": 14, "knowledge_revision": 29, "git_revision": "73b03c069c6a1723f1a674b06daa776f3e3cfa30", "hash": "61ef14a9780590487a39b4e28c74e95a", "format-version": 4, "code-base-name": "notes_frontend", "filename": "notes_frontend/backend_openapi.json", "revision_history": [{"29": "73b03c069c6a1723f1a674b06daa776f3e3cfa30"}]}