{"is_source_file": true, "format": "JavaScript (React JSX)", "description": "This is the entry point file for a React application, responsible for rendering the main App component into the DOM.", "external_files": ["./App", "./index.css"], "external_methods": ["ReactDOM.createRoot", "ReactDOM.render", "document.getElementById"], "published": [], "classes": [], "methods": [{"name": "ReactDOM.createRoot", "description": "Creates a root for rendering React components in the DOM."}, {"name": "root.render", "description": "Renders the React element into the created root."}], "calls": ["ReactDOM.createRoot", "root.render", "document.getElementById", "<React.StrictMode>", "<App />"], "search-terms": ["index.js", "ReactDOM", "render", "root", "App", "createRoot", "StrictMode"], "state": 2, "file_id": 9, "knowledge_revision": 25, "git_revision": "61ccf3c25d97315684c4c61a5badcc294307b5d5", "ctags": [{"_type": "tag", "name": "root", "path": "/home/kavia/workspace/code-generation/simple-notes-app-323645-323655/notes_frontend/src/index.js", "pattern": "/^const root = ReactDOM.createRoot(document.getElementById('root'));$/", "language": "JavaScript", "kind": "constant"}], "hash": "9fc5841375336fc175b49f8767a11383", "format-version": 4, "code-base-name": "notes_frontend", "filename": "notes_frontend/src/index.js", "revision_history": [{"25": "61ccf3c25d97315684c4c61a5badcc294307b5d5"}]}