{"is_source_file": false, "format": "", "description": "", "external_files": [], "external_methods": [], "published": [], "classes": [], "methods": [], "calls": [], "search-terms": ["index.css", "CSS", "styles", "font-family", "font-smoothing"], "state": 2, "file_id": 8, "knowledge_revision": 18, "git_revision": "61ccf3c25d97315684c4c61a5badcc294307b5d5", "hash": "6c2104b8d219ed99234ae2d6329f4357", "format-version": 4, "code-base-name": "notes_frontend", "filename": "notes_frontend/src/index.css", "revision_history": [{"18": "61ccf3c25d97315684c4c61a5badcc294307b5d5"}]}