{"is_source_file": false, "format": "", "description": "", "external_files": [], "external_methods": [], "published": [], "classes": [], "methods": [], "calls": [], "search-terms": [], "state": 2, "file_id": 13, "knowledge_revision": 28, "git_revision": "17a608d39af4d885da6796da17e8fe8741ba74e8", "hash": "61ef14a9780590487a39b4e28c74e95a", "format-version": 4, "code-base-name": "notes_frontend", "filename": "notes_frontend/backend_openapi.live.json", "revision_history": [{"28": "17a608d39af4d885da6796da17e8fe8741ba74e8"}]}